UserCountry3,count
USA,98649
BRA,53249
FRA,36994
DEU,29121
GBR,25995
RUS,18677
JPN,16152
CAN,15587
ITA,13410
AUS,10307
CZE,9569
HUN,9266
POL,9175
ESP,8859
TUR,7815
NLD,6076
BEL,5364
PRT,5077
SWE,4445
FIN,4009
CHE,3952
SGP,3420
AUT,3344
MEX,3341
UKR,3327
NOR,2987
DNK,2800
ROU,2748
ISR,2585
SVK,2528
KOR,2485
ARG,2279
NZL,2200
IND,2080
CHN,1944
IRL,1826
GRC,1673
PHL,1600
HKG,1582
TWN,1386
IDN,1356
COL,1223
CHL,1176
BGR,1136
MYS,1084
ZAF,1063
BLR,1035
SAU,892
VNM,828
LTU,824
ARE,822
HRV,821
EST,672
SRB,660
THA,628
LVA,570
PER,497
MAR,492
KAZ,460
VEN,457
CRI,417
URY,406
SVN,397
EGY,382
DZA,358
JOR,341
LUX,330
PAK,274
ECU,255
TUN,250
BIH,239
LBN,193
ISL,191
IRN,183
GTM,175
DOM,174
AZE,170
REU,169
QAT,153
GEO,152
CYP,152
PRI,149
BGD,143
KWT,140
MDA,136
MLT,131
MKD,126
PSE,113
ALB,110
PRY,104
BOL,93
PAN,90
IRQ,87
TTO,73
SLV,70
ARM,69
LKA,64
HND,64
KHM,64
MUS,63
KEN,62
NCL,58
MNE,53
UZB,52
MNG,50
JAM,48
OMN,45
BRN,45
NPL,43
BHR,43
KGZ,42
MAC,41
NIC,40
IMN,39
MTQ,38
MMR,34
BHS,34
PYF,34
SYR,33
GUM,33
AGO,30
JEY,29
GGY,26
GUF,25
SEN,23
GLP,23
NGA,21
FRO,21
GHA,21
BRB,19
MCO,18
MDG,18
GIB,17
NAM,17
LBY,16
CPV,16
MOZ,16
BMU,14
MDV,14
RWA,13
SDN,13
CYM,12
LIE,12
SYC,11
UGA,11
AFG,10
VIR,9
BLZ,9
MYT,9
AND,9
COD,8
ZWE,8
CUW,8
ABW,7
CIV,7
SMR,7
FJI,7
TZA,7
SUR,7
LAO,7
VCT,7
PRK,7
TJK,6
YEM,6
GAB,6
GUY,5
ZMB,5
ALA,5
SXM,5
ASM,4
AIA,4
GRL,4
ATG,4
BWA,4
TCA,4
MLI,4
CMR,3
GMB,3
DJI,3
COG,3
HTI,3
LCA,3
SPM,3
TCD,3
ETH,3
BEN,3
CUB,3
SLE,2
IOT,2
BFA,2
VAT,2
MRT,2
SOM,2
NER,2
KNA,2
MWI,2
GIN,2
TGO,2
MAF,2
COK,1
FSM,1
COM,1
TKM,1
MNP,1
SWZ,1
DMA,1
NFK,1
GNQ,1
PLW,1
TLS,1
VUT,1
BDI,1
BES,1
LBR,1
LSO,1
